                  epoch,         train/box_loss,         train/cls_loss,         train/dfl_loss,   metrics/precision(B),      metrics/recall(B),       metrics/mAP50(B),    metrics/mAP50-95(B),           val/box_loss,           val/cls_loss,           val/dfl_loss,                 lr/pg0,                 lr/pg1,                 lr/pg2
                      1,                 0.8318,                 1.9233,                 1.2941,                0.12151,                      1,                0.70753,                0.47028,                0.74514,                 2.6872,                 1.2534,                0.00044,                0.00044,                0.00044
                      2,                0.86334,                 1.2602,                 1.3107,                0.88111,                0.79487,                0.93337,                 0.6248,                0.90089,                 2.3793,                 1.4429,             0.00089406,             0.00089406,             0.00089406
